           YEAR,            DAY,         PREACC,        EVAPACC,         ROFACC,        ROFOACC,        ROFSACC,        ROFBACC,        DSTGACC,            PRE,           EVAP,            ROF,           ROFO,           ROFS,           ROFB,          SNCAN,           RCAN,            SNO,           WSNO,           PNDW,          LQWS1,          FRWS1,          ALWS1,          LQWS2,          FRWS2,          ALWS2,          LQWS3,          FRWS3,          ALWS3,          LQWS4,          FRWS4,          ALWS4,           LQWS,           FRWS,           ALWS,            STG,           DSTG,
           2006,            258,  0.5144037E-01,   1.559447    ,   5.026382    ,  0.2364915E-02,  0.9156553E-03,   5.023102    ,  -33.90041    ,  0.5144037E-01,   1.559447    ,   5.026382    ,  0.2364915E-02,  0.9156553E-03,   5.023102    ,  0.1927278E-02,  0.3835859E-03,   0.000000    ,   0.000000    ,  0.6371806E-02,   73.21114    ,   0.000000    ,   73.21114    ,   139.9352    ,   0.000000    ,   139.9352    ,   183.5895    ,   0.000000    ,   183.5895    ,   340.5856    ,   4.032480    ,   344.6181    ,   737.3214    ,   4.032480    ,   741.3538    ,   741.3624    ,  -33.90047    ,
           2006,            259,  0.5146202E-01,   3.191127    ,   8.776311    ,  0.8087748E-02,  0.1550633E-02,   8.766669    ,  -37.00123    ,  0.2166480E-04,   1.631680    ,   3.749928    ,  0.5722833E-02,  0.6349771E-03,   3.743569    ,  0.1954184E-03,   0.000000    ,   0.000000    ,   0.000000    ,  0.8510526E-02,   71.25951    ,  0.3451976E-02,   71.26296    ,   136.6818    ,   0.000000    ,   136.6818    ,   182.1819    ,   0.000000    ,   182.1819    ,   341.1794    ,   3.845978    ,   345.0254    ,   731.3026    ,   3.849430    ,   735.1521    ,   735.1608    ,  -6.201574    ,
           2006,            260,  0.7571883E-01,   3.680145    ,   10.40248    ,  0.1399116E-01,  0.2132696E-02,   10.38636    ,  -39.21179    ,  0.2425679E-01,  0.4890191    ,   1.626171    ,  0.5903415E-02,  0.5820623E-03,   1.619686    ,  0.1168288E-03,  0.5900558E-03,   0.000000    ,   0.000000    ,  0.1137743E-01,   70.19650    ,   0.000000    ,   70.19650    ,   135.7887    ,   0.000000    ,   135.7887    ,   180.3931    ,   0.000000    ,   180.3931    ,   341.5815    ,   3.658349    ,   345.2399    ,   727.9598    ,   3.658349    ,   731.6182    ,   731.6302    ,  -3.530573    ,
           2006,            261,  0.7573854E-01,   4.665801    ,   11.58011    ,  0.2236859E-01,  0.2620432E-02,   11.55512    ,  -40.83437    ,  0.1972080E-04,  0.9856562    ,   1.177623    ,  0.8377432E-02,  0.4877359E-03,   1.168758    ,  0.2664231E-02,  0.6364648E-03,   0.000000    ,   0.000000    ,  0.1393923E-01,   69.42443    ,   0.000000    ,   69.42443    ,   135.5676    ,   0.000000    ,   135.5676    ,   179.4163    ,   0.000000    ,   179.4163    ,   341.6556    ,   3.479438    ,   345.1350    ,   726.0640    ,   3.479438    ,   729.5434    ,   729.5607    ,  -2.069636    ,
           2006,            262,  0.7573854E-01,   5.945781    ,   12.59434    ,  0.2241856E-01,  0.3071356E-02,   12.56885    ,  -42.24688    ,   0.000000    ,   1.279979    ,   1.014233    ,  0.4996830E-04,  0.4509256E-03,   1.013732    ,  0.1092219E-04,  0.1595820E-03,   0.000000    ,   0.000000    ,  0.1084385E-01,   68.46258    ,   0.000000    ,   68.46258    ,   135.2209    ,   0.000000    ,   135.2209    ,   178.6208    ,   0.000000    ,   178.6208    ,   341.7486    ,   3.302052    ,   345.0506    ,   724.0528    ,   3.302052    ,   727.3549    ,   727.3658    ,  -2.194823    ,
           2006,            263,  0.3349745    ,   7.070144    ,   13.52566    ,  0.2550564E-01,  0.3462462E-02,   13.49669    ,  -43.54226    ,  0.2592360    ,   1.124364    ,  0.9313193    ,  0.3087075E-02,  0.3911090E-03,  0.9278411    ,  0.8540957E-03,  0.6204888E-02,   0.000000    ,   0.000000    ,  0.2750363E-01,   67.44171    ,   0.000000    ,   67.44171    ,   134.9567    ,   0.000000    ,   134.9567    ,   177.9426    ,   0.000000    ,   177.9426    ,   341.7366    ,   3.131129    ,   344.8677    ,   722.0776    ,   3.131129    ,   725.2087    ,   725.2433    ,  -2.122545    ,
           2006,            264,  0.4351626    ,   7.787664    ,   14.40088    ,  0.2550564E-01,  0.3855868E-02,   14.37151    ,  -44.69172    ,  0.1001880    ,  0.7175193    ,  0.8752181    ,   0.000000    ,  0.3934096E-03,  0.8748249    ,   0.000000    ,  0.1620440E-01,   0.000000    ,   0.000000    ,  0.7231221E-01,   66.70509    ,   0.000000    ,   66.70509    ,   134.9878    ,   0.000000    ,   134.9878    ,   177.3432    ,   0.000000    ,   177.3432    ,   341.5903    ,   2.959008    ,   344.5493    ,   720.6263    ,   2.959008    ,   723.5853    ,   723.6738    ,  -1.569460    ,
           2006,            265,   1.381278    ,   8.761480    ,   15.23784    ,  0.2667491E-01,  0.4263077E-02,   15.20690    ,  -45.73679    ,  0.9461158    ,  0.9738163    ,  0.8369602    ,  0.1169273E-02,  0.4072135E-03,  0.8353837    ,  0.5368125E-03,  0.5306364E-01,   0.000000    ,   0.000000    ,  0.1178848    ,   66.04501    ,   0.000000    ,   66.04501    ,   134.9072    ,   0.000000    ,   134.9072    ,   176.8788    ,   0.000000    ,   176.8788    ,   341.4230    ,   2.784730    ,   344.2077    ,   719.2540    ,   2.784730    ,   722.0388    ,   722.2103    ,  -1.463571    ,
           2006,            266,   2.054359    ,   11.05512    ,   16.03787    ,  0.2667883E-01,  0.4667988E-02,   16.00653    ,  -46.68951    ,  0.6730813    ,   2.293637    ,  0.8000368    ,  0.3919871E-05,  0.4049129E-03,  0.7996278    ,   0.000000    ,  0.9779504E-01,   0.000000    ,   0.000000    ,  0.3466296    ,   65.49012    ,   0.000000    ,   65.49012    ,   134.7473    ,   0.000000    ,   134.7473    ,   176.4412    ,   0.000000    ,   176.4412    ,   341.2206    ,   2.608734    ,   343.8293    ,   717.8992    ,   2.608734    ,   720.5079    ,   720.9523    ,  -1.257918    ,
           2006,            267,   3.441784    ,   12.29874    ,   16.81059    ,  0.2887203E-01,  0.5077507E-02,   16.77665    ,  -47.60234    ,   1.387421    ,   1.243629    ,  0.7727178    ,  0.2193196E-02,  0.4095141E-03,  0.7701151    ,  0.2480028E-03,  0.6994586E-01,  0.1370683E-02,  0.9997033E-08,  0.2170637    ,   65.08287    ,   0.000000    ,   65.08287    ,   134.5822    ,   0.000000    ,   134.5822    ,   176.0473    ,   0.000000    ,   176.0473    ,   341.0114    ,   2.430332    ,   343.4417    ,   716.7238    ,   2.430332    ,   719.1541    ,   719.4426    ,  -1.509715    ,
           2006,            268,   3.682520    ,   13.18508    ,   17.56042    ,  0.2889523E-01,  0.5470921E-02,   17.52606    ,  -48.44860    ,  0.2407356    ,  0.8863327    ,  0.7498344    ,  0.2320245E-04,  0.3934097E-03,  0.7494178    ,  0.2262757E-03,  0.5302684E-01,  0.4361833E-01,  0.9283459E-06,  0.1413887    ,   64.85860    ,   0.000000    ,   64.85860    ,   134.4390    ,   0.000000    ,   134.4390    ,   175.7730    ,   0.000000    ,   175.7730    ,   340.7969    ,   2.246794    ,   343.0437    ,   715.8676    ,   2.246794    ,   718.1143    ,   718.3527    ,  -1.089934    ,
           2006,            269,   3.802270    ,   13.99759    ,   18.28862    ,  0.2889810E-01,  0.5866636E-02,   18.25385    ,  -49.27442    ,  0.1197504    ,  0.8125151    ,  0.7281898    ,  0.2870126E-05,  0.3957103E-03,  0.7277912    ,  0.5490107E-04,  0.2255136E-01,  0.4182930E-01,  0.8533445E-04,  0.8407427E-01,   64.45276    ,   0.000000    ,   64.45276    ,   134.1368    ,   0.000000    ,   134.1368    ,   175.5242    ,   0.000000    ,   175.5242    ,   340.5836    ,   2.058382    ,   342.6420    ,   714.6974    ,   2.058382    ,   716.7558    ,   716.9044    ,  -1.448261    ,
           2006,            270,   5.365685    ,   15.13390    ,   18.99866    ,  0.2890749E-01,  0.6262350E-02,   18.96348    ,  -50.03045    ,   1.563424    ,   1.136309    ,  0.7100350    ,  0.9388575E-05,  0.3957103E-03,  0.7096299    ,  0.1334363E-03,  0.9287070E-01,  0.3873831E-01,  0.1118721E-04,  0.1490314    ,   64.41631    ,   0.000000    ,   64.41631    ,   133.9222    ,   0.000000    ,   133.9222    ,   175.2910    ,   0.000000    ,   175.2910    ,   340.3838    ,   1.868623    ,   342.2524    ,   714.0134    ,   1.868623    ,   715.8820    ,   716.1628    , -0.7416481    ,
           2006,            271,   9.729149    ,   15.92851    ,   19.69585    ,  0.2890749E-01,  0.6653463E-02,   19.66028    ,  -50.59856    ,   4.363469    ,  0.7946119    ,  0.6971936    ,   0.000000    ,  0.3911090E-03,  0.6968026    ,   0.000000    ,  0.2492414    ,  0.3403870E-01,  0.5201807E-04,  0.9756339    ,   65.22829    ,   0.000000    ,   65.22829    ,   133.7386    ,   0.000000    ,   133.7386    ,   175.1726    ,   0.000000    ,   175.1726    ,   340.1997    ,   1.680097    ,   341.8798    ,   714.3392    ,   1.680097    ,   716.0193    ,   717.2783    ,   1.115570    ,
           2006,            272,   16.66743    ,   16.62157    ,   21.52443    ,   1.168427    ,  0.7044576E-02,   20.34895    ,  -50.77067    ,   6.938285    ,  0.6930536    ,   1.828580    ,   1.139520    ,  0.3911090E-03,  0.6886697    ,   0.000000    ,  0.3146392    ,  0.3066913E-01,  0.1295861E-03,   3.020916    ,   68.43548    ,   0.000000    ,   68.43548    ,   133.6082    ,   0.000000    ,   133.6082    ,   175.1311    ,   0.000000    ,   175.1311    ,   340.0469    ,   1.493454    ,   341.5404    ,   717.2218    ,   1.493454    ,   718.7153    ,   722.0817    ,   4.803302    ,
           2006,            273,   18.86143    ,   17.52484    ,   22.88420    ,   1.841896    ,  0.7437990E-02,   21.03486    ,  -50.82052    ,   2.194019    ,  0.9032713    ,   1.359777    ,  0.6734686    ,  0.3934097E-03,  0.6859150    ,   0.000000    ,  0.1399214    ,  0.2738641E-01,  0.1685121E-03,   3.404032    ,   70.21124    ,   0.000000    ,   70.21124    ,   133.5283    ,   0.000000    ,   133.5283    ,   175.1792    ,   0.000000    ,   175.1792    ,   339.8994    ,   1.305525    ,   341.2049    ,   718.8182    ,   1.305525    ,   720.1237    ,   723.6953    ,   1.613610    ,
           2006,            274,   19.43939    ,   17.96977    ,   23.57549    ,   1.850121    ,  0.7840606E-02,   21.71753    ,  -50.90733    ,  0.5779657    ,  0.4449314    ,  0.6912975    ,  0.8225133E-02,  0.4026122E-03,  0.6826698    ,  0.3775573E-01,  0.6660960E-01,  0.4805734    ,  0.3358441E-02,   2.866849    ,   69.94362    ,   0.000000    ,   69.94362    ,   133.4532    ,   0.000000    ,   133.4532    ,   175.2944    ,   0.000000    ,   175.2944    ,   339.7041    ,   1.117210    ,   340.8213    ,   718.3952    ,   1.117210    ,   719.5124    ,   722.9675    , -0.7277622    ,
           2006,            275,   19.43939    ,   18.71902    ,   24.25265    ,   1.850304    ,  0.8243224E-02,   22.39409    ,  -51.04618    ,  0.3045600E-05,  0.7492533    ,  0.6771492    ,  0.1836342E-03,  0.4026122E-03,  0.6765629    ,  0.4404228E-02,  0.2886593E-01,  0.9313914    ,  0.7418872E-02,   2.236201    ,   69.54170    ,  0.1120705E-01,   69.55291    ,   133.2906    ,   0.000000    ,   133.2906    ,   175.3626    ,   0.000000    ,   175.3626    ,   339.5172    ,  0.9259378    ,   340.4431    ,   717.7121    ,  0.9371448    ,   718.6492    ,   721.8575    ,  -1.110015    ,
           2006,            276,   19.47157    ,   19.13005    ,   24.91982    ,   1.850428    ,  0.8636637E-02,   23.06075    ,  -51.23567    ,  0.3218400E-01,  0.4110142    ,  0.6671711    ,  0.1249737E-03,  0.3934097E-03,  0.6666526    ,  0.1248871E-02,  0.1128262E-02,   2.258023    ,  0.2434764E-02,  0.7314243    ,   68.54984    ,  0.6346632    ,   69.18449    ,   133.0387    ,   0.000000    ,   133.0387    ,   175.2742    ,   0.000000    ,   175.2742    ,   339.3882    ,  0.7351650    ,   340.1234    ,   716.2509    ,   1.369828    ,   717.6208    ,   720.6151    ,  -1.242394    ,
           2006,            277,   19.49012    ,   19.61997    ,   25.57714    ,   1.850873    ,  0.9020847E-02,   23.71724    ,  -51.45806    ,  0.1856160E-01,  0.4899262    ,  0.6573226    ,  0.4442685E-03,  0.3842071E-03,  0.6564941    ,  0.4439608E-02,  0.2187300E-03,   2.597046    ,  0.9657703E-02,  0.3271220    ,   68.49516    ,  0.3767037    ,   68.87186    ,   132.7808    ,   0.000000    ,   132.7808    ,   175.1704    ,   0.000000    ,   175.1704    ,   339.2689    ,  0.5500786    ,   339.8190    ,   715.7153    ,  0.9267823    ,   716.6421    ,   719.5806    ,  -1.034533    ,
           2006,            278,   19.97394    ,   20.67542    ,   26.22338    ,   1.850873    ,  0.9430353E-02,   24.36308    ,  -51.71641    ,  0.4838219    ,   1.055453    ,  0.6462410    ,  0.7961893E-06,  0.4095142E-03,  0.6458309    ,  0.1231874E-03,  0.4671432E-02,   2.259240    ,  0.2882421E-01,  0.4696650    ,   68.51538    ,   0.000000    ,   68.51538    ,   132.5114    ,   0.000000    ,   132.5114    ,   175.0648    ,   0.000000    ,   175.0648    ,   339.1511    ,  0.3754562    ,   339.5266    ,   715.2427    ,  0.3754562    ,   715.6182    ,   718.3809    ,  -1.199668    ,
           2006,            279,   20.40400    ,   21.15547    ,   26.87489    ,   1.865758    ,  0.9821451E-02,   24.99932    ,  -51.99876    ,  0.4300739    ,  0.4800537    ,  0.6515186    ,  0.1488464E-01,  0.3911090E-03,  0.6362430    ,  0.2435577E-01,  0.8362423E-02,   2.531093    ,  0.4968183E-02,  0.1168899    ,   67.84271    ,  0.3339887    ,   68.17670    ,   132.2369    ,   0.000000    ,   132.2369    ,   174.9904    ,   0.000000    ,   174.9904    ,   339.0332    ,  0.2084246    ,   339.2416    ,   714.1033    ,  0.5424132    ,   714.6456    ,   717.3312    ,  -1.049630    ,
           2006,            280,   22.87472    ,   21.56043    ,   27.51111    ,   1.873507    ,  0.1019645E-01,   25.62742    ,  -52.21032    ,   2.470716    ,  0.4049684    ,  0.6362125    ,  0.7749323E-02,  0.3750045E-03,  0.6280882    ,  0.7192758E-01,  0.1925928    ,   2.583491    ,  0.1127874E-02,  0.5155008    ,   69.07307    ,  0.6372228E-01,   69.13680    ,   131.9879    ,   0.000000    ,   131.9879    ,   174.9619    ,   0.000000    ,   174.9619    ,   338.8958    ,  0.4891767E-01,   338.9447    ,   714.9186    ,  0.1126399    ,   715.0312    ,   718.3959    ,   1.064655    ,
           2006,            281,   23.45053    ,   21.90093    ,   28.14258    ,   1.884093    ,  0.1058303E-01,   26.24791    ,  -52.40059    ,  0.5758056    ,  0.3404927    ,  0.6314660    ,  0.1058551E-01,  0.3865844E-03,  0.6204940    ,  0.1192946    ,  0.4589196E-01,   3.462851    ,  0.1030454E-03,  0.6737284E-01,   67.98335    ,   1.381992    ,   69.36534    ,   131.7769    ,   0.000000    ,   131.7769    ,   175.0565    ,   0.000000    ,   175.0565    ,   338.5952    ,   0.000000    ,   338.5952    ,   713.4119    ,   1.381992    ,   714.7939    ,   718.4893    ,  0.9342701E-01,
           2006,            282,   23.47310    ,   22.27805    ,   28.75621    ,   1.884776    ,  0.1097873E-01,   26.86046    ,  -52.61158    ,  0.2257200E-01,  0.3771277    ,  0.6136417    ,  0.6833184E-03,  0.3957104E-03,  0.6125627    ,  0.1622790E-01,  0.7696914E-02,   3.519310    ,  0.2668488E-04,  0.5099261E-01,   67.58979    ,   1.465134    ,   69.05492    ,   131.5475    ,   0.000000    ,   131.5475    ,   175.1224    ,   0.000000    ,   175.1224    ,   338.2661    ,   0.000000    ,   338.2661    ,   712.5258    ,   1.465134    ,   713.9910    ,   717.5852    , -0.9041485    ,
           2006,            283,   23.47311    ,   22.46886    ,   29.35889    ,   1.884913    ,  0.1136761E-01,   27.46262    ,  -52.84017    ,  0.8352001E-05,  0.1908025    ,  0.6026802    ,  0.1376280E-03,  0.3888771E-03,  0.6021538    ,  0.2266565E-02,  0.1164748E-03,   3.563818    ,   0.000000    ,  0.5017222E-02,   59.64907    ,   9.159005    ,   68.80807    ,   131.2390    ,   0.000000    ,   131.2390    ,   175.1182    ,   0.000000    ,   175.1182    ,   337.9688    ,   0.000000    ,   337.9688    ,   703.9750    ,   9.159005    ,   713.1339    ,   716.7052    , -0.8800084    ,
           2006,            284,   23.74397    ,   22.79121    ,   29.95034    ,   1.884915    ,  0.1177023E-01,   28.05367    ,  -53.07929    ,  0.2708263    ,  0.3223592    ,  0.5914568    ,  0.1368890E-05,  0.4026353E-03,  0.5910528    ,  0.3519603E-02,  0.8625564E-02,   3.574898    ,   0.000000    ,  0.4235926E-02,   55.19958    ,   13.61870    ,   68.81828    ,   130.8568    ,   0.000000    ,   130.8568    ,   175.0072    ,   0.000000    ,   175.0072    ,   337.6915    ,   0.000000    ,   337.6915    ,   698.7551    ,   13.61870    ,   712.3738    ,   715.9650    , -0.7401527    ,
           2006,            285,   23.85489    ,   22.92475    ,   30.53161    ,   1.884967    ,  0.1215218E-01,   28.63450    ,  -53.32468    ,  0.1109160    ,  0.1335420    ,  0.5812740    ,  0.5172972E-04,  0.3819580E-03,  0.5808404    ,  0.2498728E-02,  0.7787743E-02,   3.537745    ,  0.1170508E-02,  0.5962289E-01,   57.03823    ,   11.85851    ,   68.89674    ,   130.5517    ,   0.000000    ,   130.5517    ,   174.8382    ,   0.000000    ,   174.8382    ,   337.4182    ,   0.000000    ,   337.4182    ,   699.8464    ,   11.85851    ,   711.7049    ,   715.3137    , -0.6513543    ,
           2006,            286,   23.87033    ,   22.99217    ,   31.10273    ,   1.885304    ,  0.1254335E-01,   29.20489    ,  -53.57284    ,  0.1543824E-01,  0.6742805E-01,  0.5711169    ,  0.3376811E-03,  0.3911790E-03,  0.5703880    ,  0.1728199E-01,  0.1464139E-02,   3.587593    ,   0.000000    ,  0.6694466E-02,   54.78228    ,   14.23847    ,   69.02075    ,   130.3490    ,   0.000000    ,   130.3490    ,   174.6086    ,   0.000000    ,   174.6086    ,   337.1545    ,   0.000000    ,   337.1545    ,   696.8943    ,   14.23847    ,   711.1328    ,   714.7459    , -0.5677543    ,
           2006,            287,   24.17044    ,   23.14585    ,   31.66588    ,   1.888240    ,  0.1293448E-01,   29.76473    ,  -53.81816    ,  0.3001139    ,  0.1536631    ,  0.5631622    ,  0.2935971E-02,  0.3911367E-03,  0.5598351    ,  0.5600502E-01,  0.1387325E-01,   3.728975    ,   0.000000    ,  0.5702188E-03,   50.06520    ,   19.07971    ,   69.14491    ,   130.1419    ,   0.000000    ,   130.1419    ,   174.3435    ,   0.000000    ,   174.3435    ,   336.8994    ,   0.000000    ,   336.8994    ,   691.4500    ,   19.07971    ,   710.5297    ,   714.3290    , -0.4168611    ,
           2006,            288,   24.69521    ,   23.42166    ,   32.21757    ,   1.889304    ,  0.1327954E-01,   30.31501    ,  -54.06647    ,  0.5247899    ,  0.2758088    ,  0.5516828    ,  0.1063398E-02,  0.3450598E-03,  0.5502745    ,  0.4979922E-01,  0.6441805E-02,   3.804898    ,   0.000000    ,  0.3640529E-02,   47.47506    ,   21.89695    ,   69.37200    ,   129.6981    ,   0.000000    ,   129.6981    ,   174.1856    ,   0.000000    ,   174.1856    ,   336.6260    ,   0.000000    ,   336.6260    ,   687.9847    ,   21.89695    ,   709.8817    ,   713.7464    , -0.5826371    ,
           2006,            289,   24.82097    ,   23.60029    ,   32.76184    ,   1.891740    ,  0.1359917E-01,   30.85652    ,  -54.30837    ,  0.1257487    ,  0.1786353    ,  0.5442721    ,  0.2436351E-02,  0.3196334E-03,  0.5415161    ,  0.1354717    ,  0.2288430E-01,   4.022376    ,   0.000000    ,  0.2104536E-02,   44.13503    ,   25.43780    ,   69.57283    ,   129.4568    ,   0.000000    ,   129.4568    ,   173.8738    ,   0.000000    ,   173.8738    ,   336.3696    ,   0.000000    ,   336.3696    ,   683.8353    ,   25.43780    ,   709.2730    ,   713.4558    , -0.2906064    ,
           2006,            290,   24.95030    ,   23.74360    ,   33.29625    ,   1.892318    ,  0.1394421E-01,   31.39000    ,  -54.55518    ,  0.1293372    ,  0.1433047    ,  0.5344042    ,  0.5778336E-03,  0.3450354E-03,  0.5334814    ,  0.9609716E-01,  0.8641660E-03,   4.058608    ,   0.000000    ,  0.8611658E-04,   38.58144    ,   31.13730    ,   69.71873    ,   129.3537    ,   0.000000    ,   129.3537    ,   173.4561    ,   0.000000    ,   173.4561    ,   336.1227    ,   0.000000    ,   336.1227    ,   677.5139    ,   31.13730    ,   708.6512    ,   712.8068    , -0.6490044    ,
           2006,            291,   27.84815    ,   23.85803    ,   33.82883    ,   1.898720    ,  0.1428879E-01,   31.91585    ,  -54.76233    ,   2.897839    ,  0.1144234    ,  0.5325915    ,  0.6401777E-02,  0.3445872E-03,  0.5258450    ,  0.6981066    ,  0.2846295E-02,   4.899536    ,   0.000000    ,  0.9261012E-06,   32.66741    ,   37.30492    ,   69.97234    ,   129.1205    ,   0.000000    ,   129.1205    ,   173.1051    ,   0.000000    ,   173.1051    ,   335.8676    ,   0.000000    ,   335.8676    ,   670.7607    ,   37.30492    ,   708.0656    ,   713.6661    ,  0.8592864    ,
           2006,            292,   28.14362    ,   24.34094    ,   34.34776    ,   1.898720    ,  0.1458788E-01,   32.43447    ,  -54.93622    ,  0.2954794    ,  0.4829071    ,  0.5189286    ,   0.000000    ,  0.2990834E-03,  0.5186294    ,   1.015694    ,  0.1902088E-01,   5.871139    ,   0.000000    ,   0.000000    ,   32.49597    ,   37.91929    ,   70.41526    ,   128.6217    ,   0.000000    ,   128.6217    ,   172.8825    ,   0.000000    ,   172.8825    ,   335.5893    ,   0.000000    ,   335.5893    ,   669.5895    ,   37.91929    ,   707.5087    ,   714.4146    ,  0.7484843    ,
           2006,            293,   28.54135    ,   24.52051    ,   34.85952    ,   1.898720    ,  0.1485706E-01,   32.94595    ,  -55.11382    ,  0.3977302    ,  0.1795722    ,  0.5117493    ,   0.000000    ,  0.2691750E-03,  0.5114801    ,  0.8957905    ,  0.1105345E-03,   6.084228    ,   0.000000    ,   0.000000    ,   32.36659    ,   38.52661    ,   70.89320    ,   128.0224    ,   0.000000    ,   128.0224    ,   172.7156    ,   0.000000    ,   172.7156    ,   335.3148    ,   0.000000    ,   335.3148    ,   668.4193    ,   38.52661    ,   706.9459    ,   713.9261    , -0.4884979    ,
           2006,            294,   28.62699    ,   24.80156    ,   35.36450    ,   1.898720    ,  0.1513882E-01,   33.45066    ,  -55.29327    ,  0.8566542E-01,  0.2810569    ,  0.5049834    ,   0.000000    ,  0.2817522E-03,  0.5047016    ,  0.7796394    ,  0.2492612E-01,   6.307309    ,   0.000000    ,   0.000000    ,   28.32404    ,   42.90346    ,   71.22750    ,   127.9158    ,   0.000000    ,   127.9158    ,   172.1951    ,   0.000000    ,   172.1951    ,   335.0640    ,   0.000000    ,   335.0640    ,   663.4988    ,   42.90346    ,   706.4023    ,   713.5142    , -0.4118764    ,
           2006,            295,   28.71982    ,   25.25730    ,   35.86302    ,   1.898720    ,  0.1534589E-01,   33.94897    ,  -55.48511    ,  0.9284400E-01,  0.4557349    ,  0.4985189    ,   0.000000    ,  0.2070577E-03,  0.4983119    ,  0.3912878    ,  0.7883301E-01,   6.381881    ,   0.000000    ,  0.6796108E-03,   27.37941    ,   44.29952    ,   71.67893    ,   127.4061    ,   0.000000    ,   127.4061    ,   171.9597    ,   0.000000    ,   171.9597    ,   334.7845    ,   0.000000    ,   334.7845    ,   661.5298    ,   44.29952    ,   705.8293    ,   712.6819    , -0.8322268    ,
           2006,            296,   28.76306    ,   25.29713    ,   36.35557    ,   1.898720    ,  0.1554299E-01,   34.44132    ,  -55.68421    ,  0.4325400E-01,  0.3982203E-01,  0.4925542    ,   0.000000    ,  0.1970849E-03,  0.4923571    ,  0.1045548    ,  0.5970240E-01,   6.415929    ,  0.1823460E-03,  0.3034936E-02,   28.89748    ,   43.28169    ,   72.17917    ,   127.1967    ,   0.000000    ,   127.1967    ,   171.5304    ,   0.000000    ,   171.5304    ,   334.5215    ,   0.000000    ,   334.5215    ,   662.1461    ,   43.28169    ,   705.4279    ,   712.0112    , -0.6707233    ,
           2006,            297,   30.75158    ,   25.40405    ,   36.84183    ,   1.898720    ,  0.1573187E-01,   34.92739    ,  -55.87897    ,   1.988518    ,  0.1069179    ,  0.4862582    ,   0.000000    ,  0.1888669E-03,  0.4860695    ,  0.5884513E-01,  0.9501801E-01,   6.474396    ,  0.2558351E-02,  0.2791739E-01,   29.00329    ,   43.80064    ,   72.80393    ,   126.8882    ,   0.000000    ,   126.8882    ,   171.1904    ,   0.000000    ,   171.1904    ,   334.2481    ,   0.000000    ,   334.2481    ,   661.3301    ,   43.80064    ,   705.1307    ,   711.7894    , -0.2218179    ,
           2006,            298,   32.01247    ,   25.65376    ,   37.32178    ,   1.898720    ,  0.1598494E-01,   35.40709    ,  -56.01533    ,   1.260879    ,  0.2497051    ,  0.4799530    ,   0.000000    ,  0.2530588E-03,  0.4797001    ,  0.2079707    ,  0.2401532    ,   6.850501    ,  0.2462798E-02,  0.7168875E-01,   31.57332    ,   43.15725    ,   74.73058    ,   127.4251    ,   0.000000    ,   127.4251    ,   170.2366    ,   0.000000    ,   170.2366    ,   334.0288    ,   0.000000    ,   334.0288    ,   663.2639    ,   43.15725    ,   706.4211    ,   713.7939    ,   2.004479    ,
           2006,            299,   33.38258    ,   25.74472    ,   37.77846    ,   1.898720    ,  0.1627024E-01,   35.86348    ,  -56.13226    ,   1.370124    ,  0.9096025E-01,  0.4566829    ,   0.000000    ,  0.2852998E-03,  0.4563976    ,  0.5592281    ,  0.2133783E-01,   7.428467    ,   0.000000    ,  0.3103173E-01,   30.12015    ,   45.16693    ,   75.28708    ,   127.5375    ,   0.000000    ,   127.5375    ,   169.7021    ,   0.000000    ,   169.7021    ,   333.7712    ,   0.000000    ,   333.7712    ,   661.1310    ,   45.16693    ,   706.2979    ,   714.3380    ,  0.5440415    ,
           2006,            300,   35.93893    ,   26.09485    ,   38.20861    ,   1.898720    ,  0.1649112E-01,   36.29343    ,  -56.21536    ,   2.556361    ,  0.3501425    ,  0.4301581    ,   0.000000    ,  0.2208615E-03,  0.4299372    ,   1.133519    ,   0.000000    ,   8.523568    ,   0.000000    ,  0.9316622E-02,   29.35729    ,   46.45081    ,   75.80810    ,   127.0878    ,   0.000000    ,   127.0878    ,   169.5515    ,   0.000000    ,   169.5515    ,   333.4386    ,   0.000000    ,   333.4386    ,   659.4352    ,   46.45081    ,   705.8860    ,   715.5524    ,   1.214480    ,
           2006,            301,   36.85233    ,   26.59684    ,   38.61538    ,   1.898720    ,  0.1667978E-01,   36.70002    ,  -56.27382    ,  0.9133851    ,  0.5019894    ,  0.4067764    ,   0.000000    ,  0.1886526E-03,  0.4065878    ,   1.465714    ,   0.000000    ,   9.556204    ,   0.000000    ,  0.2181877E-02,   28.24205    ,   48.11585    ,   76.35791    ,   126.4972    ,   0.000000    ,   126.4972    ,   169.4993    ,   0.000000    ,   169.4993    ,   333.1048    ,   0.000000    ,   333.1048    ,   657.3433    ,   48.11585    ,   705.4592    ,   716.4833    ,  0.9308521    ,
           2006,            302,   36.87613    ,   27.13513    ,   39.00171    ,   1.898720    ,  0.1680863E-01,   37.08622    ,  -56.34418    ,  0.2377979E-01,  0.5382959    ,  0.3863283    ,   0.000000    ,  0.1288360E-03,  0.3861994    ,   1.139062    ,   0.000000    ,   9.684707    ,   0.000000    ,  0.3749410E-03,   25.68445    ,   51.18442    ,   76.86887    ,   125.8937    ,   0.000000    ,   125.8937    ,   169.4385    ,   0.000000    ,   169.4385    ,   332.7977    ,   0.000000    ,   332.7977    ,   653.8143    ,   51.18442    ,   704.9987    ,   715.8229    , -0.6603979    ,
           2006,            303,   38.04028    ,   27.40073    ,   39.37003    ,   1.898720    ,  0.1680863E-01,   37.45455    ,  -56.42073    ,   1.164191    ,  0.2656038    ,  0.3683261    ,   0.000000    ,   0.000000    ,  0.3683261    ,  0.9696015    ,   0.000000    ,   9.856842    ,   0.000000    ,  0.4438301E-04,   22.30978    ,   55.11409    ,   77.42386    ,   125.2597    ,   0.000000    ,   125.2597    ,   169.3698    ,   0.000000    ,   169.3698    ,   332.5145    ,   0.000000    ,   332.5145    ,   649.4537    ,   55.11409    ,   704.5679    ,   715.3943    , -0.4285395    ,
           2006,            304,   39.80504    ,   27.72009    ,   39.72263    ,   1.898721    ,  0.1680863E-01,   37.80715    ,  -56.46474    ,   1.764760    ,  0.3193639    ,  0.3526027    ,  0.1352440E-05,   0.000000    ,  0.3526013    ,   1.490840    ,   0.000000    ,   11.08359    ,   0.000000    ,  0.3748923E-05,   19.34424    ,   58.71173    ,   78.05597    ,   124.6468    ,   0.000000    ,   124.6468    ,   169.2478    ,   0.000000    ,   169.2478    ,   332.2538    ,   0.000000    ,   332.2538    ,   645.4926    ,   58.71173    ,   704.2044    ,   716.7788    ,   1.384457    ,
           2006,            305,   39.84092    ,   27.86940    ,   40.06119    ,   1.898721    ,  0.1680863E-01,   38.14571    ,  -56.50703    ,  0.3589919E-01,  0.1493052    ,  0.3385612    ,   0.000000    ,   0.000000    ,  0.3385612    ,   1.391063    ,   0.000000    ,   11.51948    ,   0.000000    ,   0.000000    ,   17.19239    ,   61.50910    ,   78.70148    ,   124.3371    ,   0.000000    ,   124.3371    ,   168.8067    ,   0.000000    ,   168.8067    ,   332.0089    ,   0.000000    ,   332.0089    ,   642.3450    ,   61.50910    ,   703.8541    ,   716.7647    , -0.1409950E-01,
           2006,            306,   40.24025    ,   27.89948    ,   40.38663    ,   1.898721    ,  0.1680863E-01,   38.47115    ,  -56.55361    ,  0.3993498    ,  0.3008967E-01,  0.3254411    ,   0.000000    ,   0.000000    ,  0.3254411    ,   1.251154    ,   0.000000    ,   11.70405    ,   0.000000    ,   0.000000    ,   12.87731    ,   66.50938    ,   79.38670    ,   124.0845    ,   0.000000    ,   124.0845    ,   168.2948    ,   0.000000    ,   168.2948    ,   331.7519    ,   0.000000    ,   331.7519    ,   637.0085    ,   66.50938    ,   703.5179    ,   716.4731    , -0.2915322    ,
           2006,            307,   42.57177    ,   27.84018    ,   40.69995    ,   1.898721    ,  0.1680863E-01,   38.78447    ,  -56.56685    ,   2.331540    , -0.5930974E-01,  0.3133212    ,   0.000000    ,   0.000000    ,  0.3133212    ,   1.778123    ,   0.000000    ,   13.06728    ,   0.000000    ,   0.000000    ,   7.066828    ,   73.03768    ,   80.10452    ,   123.8323    ,   0.000000    ,   123.8323    ,   167.7818    ,   0.000000    ,   167.7818    ,   331.4800    ,   0.000000    ,   331.4800    ,   630.1609    ,   73.03768    ,   703.1986    ,   718.0440    ,   1.570813    ,
           2006,            308,   44.37342    ,   27.80551    ,   41.00188    ,   1.898721    ,  0.1680863E-01,   39.08640    ,  -56.54485    ,   1.801672    , -0.3466482E-01,  0.3019263    ,   0.000000    ,   0.000000    ,  0.3019263    ,   2.267873    ,   0.000000    ,   14.66117    ,   0.000000    ,   0.000000    ,   5.427750    ,   75.34888    ,   80.77663    ,   123.6252    ,   0.000000    ,   123.6252    ,   167.2945    ,   0.000000    ,   167.2945    ,   331.1947    ,   0.000000    ,   331.1947    ,   627.5422    ,   75.34888    ,   702.8911    ,   719.8202    ,   1.776181    ,
           2006,            309,   44.52084    ,   27.72375    ,   41.29229    ,   1.898721    ,  0.1680863E-01,   39.37681    ,  -56.51701    ,  0.1474110    , -0.8176497E-01,  0.2904165    ,   0.000000    ,   0.000000    ,  0.2904165    ,   2.253680    ,   0.000000    ,   15.30291    ,   0.000000    ,   0.000000    ,   5.172415    ,   76.21529    ,   81.38770    ,   123.4917    ,  0.7859824E-02,   123.4996    ,   166.8063    ,   0.000000    ,   166.8063    ,   330.9015    ,   0.000000    ,   330.9015    ,   626.3719    ,   76.22314    ,   702.5950    ,   720.1517    ,  0.3314807    ,
           2006,            310,   45.39408    ,   27.72539    ,   41.57186    ,   1.898721    ,  0.1680863E-01,   39.65638    ,  -56.48539    ,  0.8732520    ,  0.1648741E-02,  0.2795565    ,   0.000000    ,   0.000000    ,  0.2795565    ,   2.212714    ,   0.000000    ,   15.90961    ,   0.000000    ,   0.000000    ,   5.172415    ,   76.84782    ,   82.02024    ,   123.0433    ,  0.3315410    ,   123.3748    ,   166.3113    ,   0.000000    ,   166.3113    ,   330.6039    ,   0.000000    ,   330.6039    ,   625.1310    ,   77.17937    ,   702.3104    ,   720.4326    ,  0.2809931    ,
           2006,            311,   49.08603    ,   27.74639    ,   41.84133    ,   1.898721    ,  0.1680863E-01,   39.92585    ,  -56.43177    ,   3.691980    ,  0.2100225E-01,  0.2694812    ,   0.000000    ,   0.000000    ,  0.2694812    ,   2.430725    ,   0.000000    ,   17.21020    ,   0.000000    ,   0.000000    ,   5.172415    ,   77.50372    ,   82.67613    ,   121.9320    ,   1.309336    ,   123.2414    ,   165.8149    ,   0.000000    ,   165.8149    ,   330.3036    ,   0.000000    ,   330.3036    ,   623.2230    ,   78.81306    ,   702.0361    ,   721.6770    ,   1.244388    ,
           2006,            312,   51.86241    ,   27.80306    ,   42.10135    ,   1.898721    ,  0.1680863E-01,   40.18587    ,  -56.29853    ,   2.776354    ,  0.5666862E-01,  0.2600152    ,   0.000000    ,   0.000000    ,  0.2600152    ,   3.318448    ,   0.000000    ,   21.06678    ,   0.000000    ,   0.000000    ,   5.172415    ,   78.19810    ,   83.37052    ,   120.5089    ,   2.594152    ,   123.1030    ,   165.2930    ,   0.000000    ,   165.2930    ,   330.0050    ,   0.000000    ,   330.0050    ,   620.9793    ,   80.79225    ,   701.7716    ,   726.1568    ,   4.479797    ,
           2006,            313,   52.31845    ,   27.53388    ,   42.35247    ,   1.898721    ,  0.1680863E-01,   40.43699    ,  -56.15747    ,  0.4559689    , -0.2691947    ,  0.2511305    ,   0.000000    ,   0.000000    ,  0.2511305    ,   3.345824    ,   0.000000    ,   22.01095    ,   0.000000    ,   0.000000    ,   5.172415    ,   78.95074    ,   84.12316    ,   119.4441    ,   3.502709    ,   122.9469    ,   164.7354    ,   0.000000    ,   164.7354    ,   329.7107    ,   0.000000    ,   329.7107    ,   619.0627    ,   82.45346    ,   701.5162    ,   726.8730    ,  0.7161551    ,
           2006,            314,   57.81516    ,   27.51853    ,   42.59540    ,   1.898721    ,  0.1680863E-01,   40.67992    ,  -55.95829    ,   5.496659    , -0.1534742E-01,  0.2429415    ,   0.000000    ,   0.000000    ,  0.2429415    ,   3.769342    ,   0.000000    ,   25.42229    ,   0.000000    ,   0.000000    ,   5.172415    ,   79.76336    ,   84.93578    ,   118.1159    ,   4.655661    ,   122.7716    ,   164.1376    ,   0.000000    ,   164.1376    ,   329.4243    ,   0.000000    ,   329.4243    ,   616.8502    ,   84.41901    ,   701.2692    ,   730.4608    ,   3.587825    ,
           2006,            315,   58.73382    ,   27.36193    ,   42.83079    ,   1.898721    ,  0.1680863E-01,   40.91531    ,  -55.72444    ,  0.9186483    , -0.1565982    ,  0.2353946    ,   0.000000    ,   0.000000    ,  0.2353946    ,   3.884549    ,   0.000000    ,   27.95788    ,   0.000000    ,   0.000000    ,   5.172415    ,   80.63998    ,   85.81240    ,   116.4323    ,   6.146967    ,   122.5793    ,   163.4860    ,   0.000000    ,   163.4860    ,   329.1524    ,   0.000000    ,   329.1524    ,   614.2432    ,   86.78695    ,   701.0301    ,   732.8726    ,   2.411727    ,
           2006,            316,   61.69212    ,   27.34669    ,   43.05921    ,   1.898721    ,  0.1680863E-01,   41.14373    ,  -55.47927    ,   2.958300    , -0.1524361E-01,  0.2284174    ,   0.000000    ,   0.000000    ,  0.2284174    ,   3.808166    ,   0.000000    ,   29.40301    ,   0.000000    ,   0.000000    ,   5.172415    ,   81.61823    ,   86.79064    ,   115.1272    ,   7.225506    ,   122.3527    ,   162.7508    ,   0.000000    ,   162.7508    ,   328.9039    ,   0.000000    ,   328.9039    ,   611.9543    ,   88.84373    ,   700.7981    ,   734.0093    ,   1.136719    ,
           2006,            317,   64.82748    ,   27.40104    ,   43.28140    ,   1.898721    ,  0.1680863E-01,   41.36592    ,  -55.17598    ,   3.135386    ,  0.5435227E-01,  0.2221795    ,   0.000000    ,   0.000000    ,  0.2221795    ,   4.053733    ,   0.000000    ,   33.35630    ,   0.000000    ,   0.000000    ,   5.195036    ,   82.70422    ,   87.89925    ,   114.0457    ,   8.036163    ,   122.0818    ,   161.8982    ,   0.000000    ,   161.8982    ,   328.6937    ,   0.000000    ,   328.6937    ,   609.8326    ,   90.74038    ,   700.5730    ,   737.9830    ,   3.973781    ,
           2006,            318,   66.08687    ,   27.26534    ,   43.49822    ,   1.898721    ,  0.1680863E-01,   41.58274    ,  -54.85789    ,   1.259388    , -0.1356959    ,  0.2168277    ,   0.000000    ,   0.000000    ,  0.2168277    ,   3.941974    ,   0.000000    ,   35.19247    ,   0.000000    ,   0.000000    ,   5.657797    ,   83.52609    ,   89.18389    ,   113.1034    ,   8.630889    ,   121.7343    ,   160.8939    ,   0.000000    ,   160.8939    ,   328.5416    ,   0.000000    ,   328.5416    ,   608.1967    ,   92.15698    ,   700.3538    ,   739.4882    ,   1.505158    ,
           2006,            319,   72.34839    ,   27.46848    ,   43.71035    ,   1.898721    ,  0.1680863E-01,   41.79487    ,  -54.49771    ,   6.261485    ,  0.2031479    ,  0.2121290    ,   0.000000    ,   0.000000    ,  0.2121290    ,   4.028104    ,   0.000000    ,   38.56742    ,   0.000000    ,   0.000000    ,   6.541727    ,   84.14240    ,   90.68413    ,   112.0067    ,   9.164911    ,   121.1716    ,   159.8583    ,   0.000000    ,   159.8583    ,   328.4253    ,   0.000000    ,   328.4253    ,   606.8321    ,   93.30731    ,   700.1394    ,   742.7349    ,   3.246731    ,
           2006,            320,   76.73566    ,   27.65536    ,   43.91806    ,   1.898721    ,  0.1680863E-01,   42.00259    ,  -54.06091    ,   4.387320    ,  0.1868801    ,  0.2077163    ,   0.000000    ,   0.000000    ,  0.2077163    ,   4.130369    ,   0.000000    ,   44.21980    ,   0.000000    ,   0.000000    ,   7.859071    ,   84.48273    ,   92.34180    ,   110.6662    ,   9.707570    ,   120.3738    ,   158.9025    ,   0.000000    ,   158.9025    ,   328.3114    ,   0.000000    ,   328.3114    ,   605.7391    ,   94.19031    ,   699.9294    ,   748.2797    ,   5.544736    ,
           2006,            321,   77.98569    ,   26.67041    ,   44.12159    ,   1.898721    ,  0.1680863E-01,   42.20611    ,  -53.59299    ,   1.249991    , -0.9849592    ,  0.2035301    ,   0.000000    ,   0.000000    ,  0.2035301    ,   4.370871    ,   0.000000    ,   47.05415    ,   0.000000    ,   0.000000    ,   9.091445    ,   84.91669    ,   94.00813    ,   109.4189    ,   10.07376    ,   119.4927    ,   158.0244    ,   0.000000    ,   158.0244    ,   328.1986    ,   0.000000    ,   328.1986    ,   604.7334    ,   94.99046    ,   699.7239    ,   751.1489    ,   2.869249    ,
           2006,            322,   78.14842    ,   26.59715    ,   44.32084    ,   1.898721    ,  0.1680863E-01,   42.40536    ,  -53.12750    ,  0.1627019    , -0.7326543E-01,  0.1992470    ,   0.000000    ,   0.000000    ,  0.1992470    ,   4.362422    ,   0.000000    ,   48.04879    ,   0.000000    ,   0.000000    ,   9.918369    ,   85.63246    ,   95.55083    ,   108.2224    ,   10.44065    ,   118.6630    ,   157.2593    ,   0.000000    ,   157.2593    ,   328.0493    ,   0.000000    ,   328.0493    ,   603.4493    ,   96.07312    ,   699.5223    ,   751.9337    ,  0.7847300    ,
           2006,            323,   83.27859    ,   27.20363    ,   44.51342    ,   1.898721    ,  0.1705666E-01,   42.59770    ,  -52.65616    ,   5.130126    ,  0.6064878    ,  0.1925948    ,   0.000000    ,  0.2480368E-03,  0.1923467    ,   4.071137    ,   0.000000    ,   49.84634    ,   0.000000    ,   0.000000    ,   10.28146    ,   86.64355    ,   96.92500    ,   106.9772    ,   10.96952    ,   117.9467    ,   156.8582    ,   0.000000    ,   156.8582    ,   327.5965    ,   0.000000    ,   327.5965    ,   601.7133    ,   97.61307    ,   699.3263    ,   753.2438    ,   1.310115    ,
           2006,            324,   88.93044    ,   27.47496    ,   44.69987    ,   1.898721    ,  0.1825228E-01,   42.78294    ,  -52.10123    ,   5.651834    ,  0.2713204    ,  0.1864484    ,   0.000000    ,  0.1195621E-02,  0.1852528    ,   4.035450    ,   0.000000    ,   56.61468    ,   0.000000    ,   0.000000    ,   10.83893    ,   87.22990    ,   98.06882    ,   105.4690    ,   11.95354    ,   117.4225    ,   156.5574    ,   0.000000    ,   156.5574    ,   327.0883    ,   0.000000    ,   327.0883    ,   599.9537    ,   99.18343    ,   699.1371    ,   759.7873    ,   6.543522    ,
           2006,            325,   89.14877    ,   27.64973    ,   44.88039    ,   1.898721    ,  0.2018580E-01,   42.96152    ,  -51.53988    ,  0.2183760    ,  0.1747728    ,  0.1805077    ,   0.000000    ,  0.1933520E-02,  0.1785742    ,   3.676672    ,   0.000000    ,   58.69509    ,   0.000000    ,   0.000000    ,   10.74782    ,   87.81686    ,   98.56468    ,   104.8192    ,   12.69915    ,   117.5183    ,   156.2778    ,   0.000000    ,   156.2778    ,   326.5927    ,   0.000000    ,   326.5927    ,   598.4374    ,   100.5160    ,   698.9535    ,   761.3253    ,   1.537985    ,
           2006,            326,   89.40783    ,   27.60219    ,   45.05377    ,   1.898721    ,  0.2126869E-01,   43.13383    ,  -50.99520    ,  0.2590596    , -0.4753807E-01,  0.1733828    ,   0.000000    ,  0.1082894E-02,  0.1722998    ,   3.336383    ,   0.000000    ,   59.19239    ,   0.000000    ,   0.000000    ,   9.479919    ,   89.08427    ,   98.56419    ,   104.8396    ,   13.27251    ,   118.1121    ,   155.9912    ,   0.000000    ,   155.9912    ,   326.1090    ,   0.000000    ,   326.1090    ,   596.4198    ,   102.3568    ,   698.7765    ,   761.3053    , -0.1993869E-01,
           2006,            327,   91.03560    ,   27.56812    ,   45.22049    ,   1.898721    ,  0.2154427E-01,   43.30027    ,  -50.45415    ,   1.627885    , -0.3405786E-01,  0.1667305    ,   0.000000    ,  0.2755832E-03,  0.1664550    ,   3.167435    ,   0.000000    ,   60.37170    ,   0.000000    ,   0.000000    ,   7.951762    ,   90.61179    ,   98.56355    ,   104.3196    ,   14.39137    ,   118.7110    ,   155.6953    ,   0.000000    ,   155.6953    ,   325.6369    ,   0.000000    ,   325.6369    ,   593.6036    ,   105.0032    ,   698.6068    ,   762.1459    ,  0.8405583    ,
           2006,            328,   91.42439    ,   27.50817    ,   45.30795    ,   1.898721    ,  0.2154427E-01,   43.38772    ,  -49.91502    ,  0.3887997    , -0.5995012E-01,  0.8745074E-01,   0.000000    ,   0.000000    ,  0.8745074E-01,   3.039641    ,   0.000000    ,   61.56370    ,   0.000000    ,   0.000000    ,   6.806431    ,   91.75705    ,   98.56348    ,   103.5130    ,   15.78562    ,   119.2986    ,   155.4057    ,   0.000000    ,   155.4057    ,   325.2077    ,   0.000000    ,   325.2077    ,   590.9327    ,   107.5427    ,   698.4753    ,   763.0787    ,  0.9328460    ,
           2006,            329,   91.79748    ,   27.37191    ,   45.38073    ,   1.898721    ,  0.2154427E-01,   43.46051    ,  -49.38593    ,  0.3730643    , -0.1362603    ,  0.7278737E-01,   0.000000    ,   0.000000    ,  0.7278737E-01,   2.879232    ,   0.000000    ,   62.17014    ,   0.000000    ,   0.000000    ,   5.574018    ,   92.98946    ,   98.56348    ,   102.7529    ,   17.10346    ,   119.8563    ,   155.1417    ,   0.000000    ,   155.1417    ,   324.8394    ,   0.000000    ,   324.8394    ,   588.3080    ,   110.0929    ,   698.4009    ,   763.4502    ,  0.3715006    ,
           2006,            330,   92.25754    ,   27.23775    ,   45.45177    ,   1.898721    ,  0.2154427E-01,   43.53154    ,  -48.86375    ,  0.4599902    , -0.1341534    ,  0.7102466E-01,   0.000000    ,   0.000000    ,  0.7102466E-01,   2.783489    ,   0.000000    ,   62.87909    ,   0.000000    ,   0.000000    ,   5.172415    ,   93.39106    ,   98.56348    ,   101.5536    ,   18.54591    ,   120.0995    ,   155.1887    ,   0.000000    ,   155.1887    ,   324.4773    ,   0.000000    ,   324.4773    ,   586.3920    ,   111.9370    ,   698.3290    ,   763.9916    ,  0.5413355    ,
           2006,            331,   92.71799    ,   27.22429    ,   45.52115    ,   1.898721    ,  0.2159026E-01,   43.60088    ,  -48.34990    ,  0.4603772    , -0.1345421E-01,  0.6938779E-01,   0.000000    ,  0.4598807E-04,  0.6934181E-01,   2.640725    ,   0.000000    ,   63.53085    ,   0.000000    ,   0.000000    ,   5.172415    ,   93.39106    ,   98.56348    ,   100.2475    ,   19.94534    ,   120.1929    ,   155.3799    ,   0.000000    ,   155.3799    ,   324.1226    ,   0.000000    ,   324.1226    ,   584.9224    ,   113.3364    ,   698.2588    ,   764.4304    ,  0.4388649    ,
           2006,            332,   92.87897    ,   27.25327    ,   45.58888    ,   1.898721    ,  0.2159026E-01,   43.66861    ,  -47.84659    ,  0.1609325    ,  0.2899184E-01,  0.6772863E-01,   0.000000    ,   0.000000    ,  0.6772863E-01,   2.440807    ,   0.000000    ,   64.04201    ,   0.000000    ,   0.000000    ,   5.172415    ,   93.39127    ,   98.56368    ,   98.91725    ,   21.39522    ,   120.3125    ,   155.4853    ,   0.000000    ,   155.4853    ,   323.8289    ,   0.000000    ,   323.8289    ,   583.4038    ,   114.7865    ,   698.1903    ,   764.6731    ,  0.2426824    ,
           2006,            333,   93.23888    ,   27.22663    ,   45.65507    ,   1.898721    ,  0.2159026E-01,   43.73480    ,  -47.35439    ,  0.3599497    , -0.2663819E-01,  0.6618491E-01,   0.000000    ,   0.000000    ,  0.6618491E-01,   2.243017    ,   0.000000    ,   64.44812    ,   0.000000    ,   0.000000    ,   5.172415    ,   93.39205    ,   98.56447    ,   97.28888    ,   23.38409    ,   120.6730    ,   155.2378    ,   0.000000    ,   155.2378    ,   323.6483    ,   0.000000    ,   323.6483    ,   581.3474    ,   116.7761    ,   698.1235    ,   764.8146    ,  0.1414935    ,
           2006,            334,   93.46358    ,   27.21752    ,   45.71978    ,   1.898721    ,  0.2159026E-01,   43.79951    ,  -46.87159    ,  0.2246782    , -0.9102384E-02,  0.6470371E-01,   0.000000    ,   0.000000    ,  0.6470371E-01,   2.104484    ,   0.000000    ,   64.93601    ,   0.000000    ,   0.000000    ,   5.172415    ,   93.39339    ,   98.56580    ,   95.41514    ,   25.81754    ,   121.2327    ,   154.9343    ,   0.000000    ,   154.9343    ,   323.3251    ,   0.000000    ,   323.3251    ,   578.8470    ,   119.2109    ,   698.0579    ,   765.0984    ,  0.2838415    ,
           2006,            335,   93.57419    ,   27.18935    ,   45.78305    ,   1.898721    ,  0.2159026E-01,   43.86279    ,  -46.39904    ,  0.1105128    , -0.2818048E-01,  0.6327427E-01,   0.000000    ,   0.000000    ,  0.6327427E-01,   1.950503    ,   0.000000    ,   65.30202    ,   0.000000    ,   0.000000    ,   5.172415    ,   93.39531    ,   98.56773    ,   93.43831    ,   28.42349    ,   121.8618    ,   154.5782    ,   0.000000    ,   154.5782    ,   322.9863    ,   0.000000    ,   322.9863    ,   576.1752    ,   121.8188    ,   697.9940    ,   765.2466    ,  0.1481160    ,
           2006,            336,   94.37262    ,   27.21155    ,   45.84496    ,   1.898721    ,  0.2159026E-01,   43.92469    ,  -45.93647    ,  0.7984638    ,  0.2220296E-01,  0.6190142E-01,   0.000000    ,   0.000000    ,  0.6190142E-01,   1.825598    ,   0.000000    ,   65.66653    ,   0.000000    ,   0.000000    ,   5.172415    ,   93.39783    ,   98.57024    ,   91.12314    ,   31.40797    ,   122.5311    ,   154.1779    ,   0.000000    ,   154.1779    ,   322.6523    ,   0.000000    ,   322.6523    ,   573.1257    ,   124.8058    ,   697.9315    ,   765.4236    ,  0.1770271    ,
           2006,            337,   94.91348    ,   27.21232    ,   45.90553    ,   1.898721    ,  0.2159026E-01,   43.98526    ,  -45.47610    ,  0.5409269    ,  0.7755905E-03,  0.6056687E-01,   0.000000    ,   0.000000    ,  0.6056687E-01,   1.853521    ,   0.000000    ,   66.44293    ,   0.000000    ,   0.000000    ,   5.172415    ,   93.40096    ,   98.57337    ,   88.80645    ,   34.44998    ,   123.2564    ,   153.7173    ,   0.000000    ,   153.7173    ,   322.3232    ,   0.000000    ,   322.3232    ,   570.0193    ,   127.8509    ,   697.8702    ,   766.1666    ,  0.7430723    ,
           2006,            338,   95.40646    ,   27.17309    ,   45.96478    ,   1.898721    ,  0.2159026E-01,   44.04451    ,  -45.02007    ,  0.4929481    , -0.3923497E-01,  0.5925055E-01,   0.000000    ,   0.000000    ,  0.5925055E-01,   1.847624    ,   0.000000    ,   67.07652    ,   0.000000    ,   0.000000    ,   5.172415    ,   93.40461    ,   98.57703    ,   87.12418    ,   36.89622    ,   124.0204    ,   153.2135    ,   0.000000    ,   153.2135    ,   321.9994    ,   0.000000    ,   321.9994    ,   567.5095    ,   130.3008    ,   697.8104    ,   766.7345    ,  0.5678254    ,
           2006,            339,   95.51070    ,   27.14548    ,   46.02272    ,   1.898721    ,  0.2159026E-01,   44.10246    ,  -44.57209    ,  0.1041473    , -0.2761847E-01,  0.5795424E-01,   0.000000    ,   0.000000    ,  0.5795424E-01,   1.737874    ,   0.000000    ,   67.48112    ,   0.000000    ,   0.000000    ,   5.172415    ,   93.40866    ,   98.58108    ,   86.27541    ,   38.51750    ,   124.7929    ,   152.6966    ,   0.000000    ,   152.6966    ,   321.6812    ,   0.000000    ,   321.6812    ,   565.8256    ,   131.9262    ,   697.7517    ,   766.9708    ,  0.2362735    ,
           2006,            340,   95.86755    ,   27.04877    ,   46.07941    ,   1.898721    ,  0.2159026E-01,   44.15914    ,  -44.13316    ,  0.3568643    , -0.9670391E-01,  0.5668718E-01,   0.000000    ,   0.000000    ,  0.5668718E-01,   1.628675    ,   0.000000    ,   67.80517    ,   0.000000    ,   0.000000    ,   5.172415    ,   93.41321    ,   98.58562    ,   85.19450    ,   40.28489    ,   125.4794    ,   152.2608    ,   0.000000    ,   152.2608    ,   321.3686    ,   0.000000    ,   321.3686    ,   563.9963    ,   133.6981    ,   697.6944    ,   767.1283    ,  0.1575157    ,
           2006,            341,   96.00581    ,   26.40360    ,   46.13435    ,   1.898721    ,  0.2159026E-01,   44.21408    ,  -43.69564    ,  0.1383408    , -0.6451600    ,  0.5494233E-01,   0.000000    ,   0.000000    ,  0.5494233E-01,   1.818291    ,   0.000000    ,   68.41674    ,   0.000000    ,   0.000000    ,   5.172415    ,   93.42130    ,   98.59373    ,   83.28632    ,   43.00812    ,   126.2944    ,   151.6886    ,   0.000000    ,   151.6886    ,   321.0618    ,   0.000000    ,   321.0618    ,   561.2091    ,   136.4294    ,   697.6386    ,   767.8736    ,  0.7453510    ,
           2006,            342,   99.05151    ,   26.11530    ,   46.18121    ,   1.898721    ,  0.2159026E-01,   44.26094    ,  -43.23969    ,   3.045681    , -0.2883101    ,  0.4685911E-01,   0.000000    ,   0.000000    ,  0.4685911E-01,   2.295871    ,   0.000000    ,   70.44086    ,   0.000000    ,   0.000000    ,   5.172415    ,   93.43050    ,   98.60292    ,   82.16038    ,   44.83038    ,   126.9908    ,   151.2320    ,   0.000000    ,   151.2320    ,   320.7610    ,   0.000000    ,   320.7610    ,   559.3257    ,   138.2609    ,   697.5866    ,   770.3233    ,   2.449682    ,
           2006,            343,   99.92863    ,   26.14340    ,   46.22357    ,   1.898721    ,  0.2159026E-01,   44.30330    ,  -42.77675    ,  0.8772134    ,  0.2810096E-01,  0.4236151E-01,   0.000000    ,   0.000000    ,  0.4236151E-01,   2.411373    ,   0.000000    ,   71.89364    ,   0.000000    ,   0.000000    ,   5.172415    ,   93.43958    ,   98.61199    ,   81.45605    ,   45.95924    ,   127.4153    ,   151.0511    ,   0.000000    ,   151.0511    ,   320.4648    ,   0.000000    ,   320.4648    ,   558.1444    ,   139.3988    ,   697.5432    ,   771.8483    ,   1.524954    ,
           2006,            344,   100.1257    ,   25.62576    ,   46.26501    ,   1.898721    ,  0.2159026E-01,   44.34473    ,  -42.31660    ,  0.1969794    , -0.5176468    ,  0.4143209E-01,   0.000000    ,   0.000000    ,  0.4143209E-01,   2.439158    ,   0.000000    ,   72.57414    ,   0.000000    ,   0.000000    ,   5.172415    ,   93.44850    ,   98.62092    ,   80.95492    ,   46.84259    ,   127.7975    ,   150.9105    ,   0.000000    ,   150.9105    ,   320.1725    ,   0.000000    ,   320.1725    ,   557.2103    ,   140.2911    ,   697.5013    ,   772.5146    ,  0.6663796    ,
           2006,            345,   100.2990    ,   25.26964    ,   46.30557    ,   1.898721    ,  0.2160746E-01,   44.38528    ,  -41.86050    ,  0.1734329    , -0.3561092    ,  0.4055367E-01,   0.000000    ,  0.1719658E-04,  0.4053647E-01,   2.456179    ,   0.000000    ,   73.17533    ,   0.000000    ,   0.000000    ,   5.172415    ,   93.45705    ,   98.62947    ,   80.54131    ,   47.61782    ,   128.1591    ,   150.7881    ,   0.000000    ,   150.7881    ,   319.8837    ,   0.000000    ,   319.8837    ,   556.3856    ,   141.0749    ,   697.4604    ,   773.0919    ,  0.5772963    ,
           2006,            346,   100.3652    ,   25.06105    ,   46.34532    ,   1.898721    ,  0.2169269E-01,   44.42495    ,  -41.40946    ,  0.6615000E-01, -0.2085983    ,  0.3975844E-01,   0.000000    ,  0.8523577E-04,  0.3967319E-01,   2.546645    ,   0.000000    ,   73.59387    ,   0.000000    ,   0.000000    ,   5.172415    ,   93.46534    ,   98.63776    ,   80.25043    ,   48.20793    ,   128.4584    ,   150.7259    ,   0.000000    ,   150.7259    ,   319.5982    ,   0.000000    ,   319.5982    ,   555.7470    ,   141.6733    ,   697.4202    ,   773.5608    ,  0.4688441    ,
           2006,            347,   100.8558    ,   25.05962    ,   46.38429    ,   1.898721    ,  0.2182765E-01,   44.46379    ,  -40.96532    ,  0.4905002    , -0.1431276E-02,  0.3898115E-01,   0.000000    ,  0.1349533E-03,  0.3884620E-01,   2.376089    ,   0.000000    ,   74.07587    ,   0.000000    ,   0.000000    ,   5.172415    ,   93.47334    ,   98.64576    ,   79.79504    ,   49.01861    ,   128.8136    ,   150.6054    ,   0.000000    ,   150.6054    ,   319.3160    ,   0.000000    ,   319.3160    ,   554.8889    ,   142.4919    ,   697.3809    ,   773.8329    ,  0.2720919    ,
           2006,            348,   101.6101    ,   25.04652    ,   46.42240    ,   1.898721    ,  0.2188453E-01,   44.50184    ,  -40.52290    ,  0.7543802    , -0.1311116E-01,  0.3810791E-01,   0.000000    ,  0.5687964E-04,  0.3805103E-01,   2.351574    ,   0.000000    ,   74.86837    ,   0.000000    ,   0.000000    ,   5.172415    ,   93.48103    ,   98.65345    ,   79.29934    ,   49.89650    ,   129.1958    ,   150.4559    ,   0.000000    ,   150.4559    ,   319.0371    ,   0.000000    ,   319.0371    ,   553.9647    ,   143.3775    ,   697.3423    ,   774.5622    ,  0.7293289    ,
           2006,            349,   102.6710    ,   25.10261    ,   46.45969    ,   1.898721    ,  0.2189430E-01,   44.53912    ,  -40.08019    ,   1.060884    ,  0.5609653E-01,  0.3729610E-01,   0.000000    ,  0.9777964E-05,  0.3728632E-01,   2.316598    ,   0.000000    ,   75.86159    ,   0.000000    ,   0.000000    ,   5.172415    ,   93.48833    ,   98.66075    ,   78.71942    ,   50.90510    ,   129.6245    ,   150.2576    ,   0.000000    ,   150.2576    ,   318.7619    ,   0.000000    ,   318.7619    ,   552.9114    ,   144.3934    ,   697.3047    ,   775.4829    ,  0.9207403    ,
           2006,            350,   104.2472    ,   25.09935    ,   46.49639    ,   1.898721    ,  0.2204917E-01,   44.57567    ,  -39.63548    ,   1.576188    , -0.3260760E-02,  0.3670273E-01,   0.000000    ,  0.1548719E-03,  0.3654787E-01,   2.310404    ,   0.000000    ,   76.94608    ,   0.000000    ,   0.000000    ,   5.172415    ,   93.49525    ,   98.66767    ,   78.19024    ,   51.84890    ,   130.0391    ,   150.0710    ,   0.000000    ,   150.0710    ,   318.4899    ,   0.000000    ,   318.4899    ,   551.9236    ,   145.3442    ,   697.2677    ,   776.5242    ,   1.041227    ,
           2006,            351,   104.5184    ,   24.96394    ,   46.53239    ,   1.898721    ,  0.2221107E-01,   44.61150    ,  -39.19057    ,  0.2712563    , -0.1354140    ,  0.3599888E-01,   0.000000    ,  0.1618934E-03,  0.3583699E-01,   2.305568    ,   0.000000    ,   77.92379    ,   0.000000    ,   0.000000    ,   5.172415    ,   93.50184    ,   98.67426    ,   77.57000    ,   52.92089    ,   130.4909    ,   149.8446    ,   0.000000    ,   149.8446    ,   318.2216    ,   0.000000    ,   318.2216    ,   550.8086    ,   146.4227    ,   697.2313    ,   777.4607    ,  0.9365488    ,
           2006,            352,   105.0978    ,   24.92632    ,   46.56780    ,   1.898721    ,  0.2245451E-01,   44.64666    ,  -38.74942    ,  0.5794594    , -0.3761954E-01,  0.3539663E-01,   0.000000    ,  0.2434427E-03,  0.3515320E-01,   2.246835    ,   0.000000    ,   78.54596    ,   0.000000    ,   0.000000    ,   5.172415    ,   93.50799    ,   98.68040    ,   76.78074    ,   54.25081    ,   131.0316    ,   149.5268    ,   0.000000    ,   149.5268    ,   317.9569    ,   0.000000    ,   317.9569    ,   549.4368    ,   147.7588    ,   697.1957    ,   777.9885    ,  0.5277345    ,
           2006,            353,   105.3923    ,   24.71583    ,   46.60259    ,   1.898721    ,  0.2276697E-01,   44.68115    ,  -38.31155    ,  0.2945520    , -0.2104799    ,  0.3480622E-01,   0.000000    ,  0.3124590E-03,  0.3449376E-01,   2.232794    ,   0.000000    ,   79.15556    ,   0.000000    ,   0.000000    ,   5.172415    ,   93.51360    ,   98.68602    ,   75.80624    ,   55.84534    ,   131.6516    ,   149.1266    ,   0.000000    ,   149.1266    ,   317.6963    ,   0.000000    ,   317.6963    ,   547.8016    ,   149.3589    ,   697.1605    ,   778.5488    ,  0.5603485    ,
           2006,            354,   105.4104    ,   24.35126    ,   46.63681    ,   1.898721    ,  0.2312503E-01,   44.71500    ,  -37.88002    ,  0.1801980E-01, -0.3645726    ,  0.3420863E-01,   0.000000    ,  0.3580584E-03,  0.3385056E-01,   2.128135    ,   0.000000    ,   79.57281    ,   0.000000    ,   0.000000    ,   5.172415    ,   93.51874    ,   98.69115    ,   75.06628    ,   57.06519    ,   132.1315    ,   148.8636    ,   0.000000    ,   148.8636    ,   317.4397    ,   0.000000    ,   317.4397    ,   546.5420    ,   150.5839    ,   697.1259    ,   778.8268    ,  0.2780735    ,
           2006,            355,   105.4379    ,   24.08860    ,   46.67049    ,   1.898721    ,  0.2355981E-01,   44.74823    ,  -37.45255    ,  0.2747376E-01, -0.2626700    ,  0.3366381E-01,   0.000000    ,  0.4347827E-03,  0.3322902E-01,   2.216553    ,   0.000000    ,   79.97497    ,   0.000000    ,   0.000000    ,   5.172415    ,   93.52349    ,   98.69591    ,   74.20348    ,   58.46399    ,   132.6675    ,   148.5419    ,   0.000000    ,   148.5419    ,   317.1866    ,   0.000000    ,   317.1866    ,   545.1044    ,   151.9875    ,   697.0920    ,   779.2834    ,  0.4565960    ,
           2006,            356,   106.5121    ,   24.24181    ,   46.70362    ,   1.898721    ,  0.2406943E-01,   44.78086    ,  -37.02843    ,   1.074150    ,  0.1532104    ,  0.3313342E-01,   0.000000    ,  0.5096185E-03,  0.3262381E-01,   2.098434    ,   0.000000    ,   80.64668    ,   0.000000    ,   0.000000    ,   5.172415    ,   93.52782    ,   98.70024    ,   73.44008    ,   59.69897    ,   133.1391    ,   148.2820    ,   0.000000    ,   148.2820    ,   316.9373    ,   0.000000    ,   316.9373    ,   543.8318    ,   153.2268    ,   697.0586    ,   779.8036    ,  0.5201862    ,
           2006,            357,   106.6288    ,   24.29424    ,   46.73623    ,   1.898721    ,  0.2464208E-01,   44.81289    ,  -36.60858    ,  0.1167135    ,  0.5242748E-01,  0.3260554E-01,   0.000000    ,  0.5726456E-03,  0.3203290E-01,   1.913203    ,   0.000000    ,   81.28053    ,   0.000000    ,   0.000000    ,   5.172415    ,   93.53188    ,   98.70429    ,   72.92238    ,   60.57585    ,   133.4982    ,   148.1322    ,   0.000000    ,   148.1322    ,   316.6912    ,   0.000000    ,   316.6912    ,   542.9181    ,   154.1077    ,   697.0258    ,   780.2195    ,  0.4158641    ,
           2006,            358,   106.9050    ,   24.01766    ,   46.76833    ,   1.898721    ,  0.2528749E-01,   44.84435    ,  -36.19385    ,  0.2761777    , -0.2765881    ,  0.3210488E-01,   0.000000    ,  0.6454168E-03,  0.3145947E-01,   1.879126    ,   0.000000    ,   81.66328    ,   0.000000    ,   0.000000    ,   5.172415    ,   93.53576    ,   98.70818    ,   72.49194    ,   61.34529    ,   133.8372    ,   148.0008    ,   0.000000    ,   148.0008    ,   316.4474    ,   0.000000    ,   316.4474    ,   542.1125    ,   154.8811    ,   696.9936    ,   780.5359    ,  0.3164555    ,
           2006,            359,   108.1035    ,   23.87843    ,   46.80003    ,   1.898721    ,  0.2606197E-01,   44.87527    ,  -35.77806    ,   1.198400    , -0.1392299    ,  0.3168359E-01,   0.000000    ,  0.7744748E-03,  0.3090912E-01,   1.984936    ,   0.000000    ,   82.54829    ,   0.000000    ,   0.000000    ,   5.172415    ,   93.53938    ,   98.71179    ,   71.69264    ,   62.67110    ,   134.3637    ,   147.6795    ,   0.000000    ,   147.6795    ,   316.2066    ,   0.000000    ,   316.2066    ,   540.7512    ,   156.2105    ,   696.9617    ,   781.4949    ,  0.9589798    ,
           2006,            360,   108.8895    ,   23.78115    ,   46.83134    ,   1.898721    ,  0.2701141E-01,   44.90563    ,  -35.35984    ,  0.7860057    , -0.9728500E-01,  0.3132478E-01,   0.000000    ,  0.9494349E-03,  0.3037535E-01,   2.061920    ,   0.000000    ,   83.56802    ,   0.000000    ,   0.000000    ,   5.172415    ,   93.54270    ,   98.71512    ,   70.85265    ,   64.05573    ,   134.9084    ,   147.3371    ,   0.000000    ,   147.3371    ,   315.9695    ,   0.000000    ,   315.9695    ,   539.3318    ,   157.5984    ,   696.9302    ,   782.5602    ,   1.065225    ,
           2006,            361,   109.3772    ,   23.72994    ,   46.86231    ,   1.898721    ,  0.2813004E-01,   44.93550    ,  -34.94341    ,  0.4878360    , -0.5121477E-01,  0.3097103E-01,   0.000000    ,  0.1118634E-02,  0.2985239E-01,   2.031705    ,   0.000000    ,   84.28558    ,   0.000000    ,   0.000000    ,   5.172415    ,   93.54578    ,   98.71820    ,   70.27016    ,   65.06783    ,   135.3380    ,   147.1071    ,   0.000000    ,   147.1071    ,   315.7358    ,   0.000000    ,   315.7358    ,   538.2855    ,   158.6136    ,   696.8990    ,   783.2163    ,  0.6561254    ,
           2006,            362,   109.7170    ,   23.78025    ,   46.89294    ,   1.898721    ,  0.2942916E-01,   44.96483    ,  -34.53104    ,  0.3399480    ,  0.5031734E-01,  0.3064316E-01,   0.000000    ,  0.1299112E-02,  0.2934405E-01,   1.917234    ,   0.000000    ,   84.82257    ,   0.000000    ,   0.000000    ,   5.172415    ,   93.54865    ,   98.72107    ,   69.68428    ,   66.08321    ,   135.7675    ,   146.8749    ,   0.000000    ,   146.8749    ,   315.5048    ,   0.000000    ,   315.5048    ,   537.2364    ,   159.6319    ,   696.8682    ,   783.6080    ,  0.3917241    ,
           2006,            363,   111.4447    ,   23.75031    ,   46.92336    ,   1.898721    ,  0.3099054E-01,   44.99369    ,  -34.12294    ,   1.727637    , -0.2993230E-01,  0.3041323E-01,   0.000000    ,  0.1561378E-02,  0.2885185E-01,   1.797457    ,   0.000000    ,   85.36276    ,   0.000000    ,   0.000000    ,   5.172415    ,   93.55135    ,   98.72377    ,   69.00094    ,   67.22939    ,   136.2303    ,   146.6069    ,   0.000000    ,   146.6069    ,   315.2767    ,   0.000000    ,   315.2767    ,   536.0570    ,   160.7807    ,   696.8378    ,   783.9980    ,  0.3899438    ,
           2006,            364,   111.7198    ,   23.73787    ,   46.95369    ,   1.898721    ,  0.3296395E-01,   45.02206    ,  -33.70800    ,  0.2750975    , -0.1244244E-01,  0.3035007E-01,   0.000000    ,  0.1973416E-02,  0.2837665E-01,   1.900467    ,   0.000000    ,   86.81458    ,   0.000000    ,   0.000000    ,   5.172415    ,   93.55381    ,   98.72623    ,   68.04888    ,   68.74270    ,   136.7916    ,   146.2375    ,   0.000000    ,   146.2375    ,   315.0520    ,   0.000000    ,   315.0520    ,   534.5108    ,   162.2965    ,   696.8073    ,   785.5223    ,   1.524313    ,
           2006,            365,   111.7344    ,   23.49232    ,   46.98396    ,   1.898721    ,  0.3531541E-01,   45.04998    ,  -33.29847    ,  0.1466107E-01, -0.2455537    ,  0.3026160E-01,   0.000000    ,  0.2351452E-02,  0.2791014E-01,   1.818518    ,   0.000000    ,   87.20982    ,   0.000000    ,   0.000000    ,   5.172415    ,   93.55604    ,   98.72845    ,   67.36377    ,   69.86293    ,   137.2267    ,   145.9912    ,   0.000000    ,   145.9912    ,   314.8307    ,   0.000000    ,   314.8307    ,   533.3581    ,   163.4190    ,   696.7771    ,   785.8055    ,  0.2832006    ,
           2007,              1,   111.7937    ,   23.11681    ,   47.01417    ,   1.898721    ,  0.3808767E-01,   45.07744    ,  -32.89414    ,  0.5910480E-01, -0.3755181    ,  0.3022767E-01,   0.000000    ,  0.2772265E-02,  0.2745541E-01,   1.776515    ,   0.000000    ,   87.50744    ,   0.000000    ,   0.000000    ,   5.172415    ,   93.55812    ,   98.73054    ,   66.74531    ,   70.89309    ,   137.6384    ,   145.7660    ,   0.000000    ,   145.7660    ,   314.6118    ,   0.000000    ,   314.6118    ,   532.2955    ,   164.4512    ,   696.7468    ,   786.0307    ,  0.2252360    ,
           2007,              2,   111.9903    ,   22.62819    ,   47.04463    ,   1.898721    ,  0.4153096E-01,   45.10445    ,  -32.49060    ,  0.1966248    , -0.4886042    ,  0.3045776E-01,   0.000000    ,  0.3443296E-02,  0.2701446E-01,   2.073752    ,   0.000000    ,   87.98572    ,   0.000000    ,   0.000000    ,   5.172415    ,   93.56001    ,   98.73243    ,   65.90531    ,   72.22639    ,   138.1317    ,   145.4563    ,   0.000000    ,   145.4563    ,   314.3960    ,   0.000000    ,   314.3960    ,   530.9301    ,   165.7864    ,   696.7164    ,   786.7759    ,  0.7452086    ,
           2007,              3,   112.3978    ,   22.75753    ,   47.07537    ,   1.898721    ,  0.4568430E-01,   45.13103    ,  -32.09090    ,  0.4074138    ,  0.1293359    ,  0.3073655E-01,   0.000000    ,  0.4153342E-02,  0.2658321E-01,   1.973395    ,   0.000000    ,   88.48511    ,   0.000000    ,   0.000000    ,   5.172415    ,   93.56177    ,   98.73418    ,   65.24886    ,   73.31090    ,   138.5598    ,   145.2088    ,   0.000000    ,   145.2088    ,   314.1831    ,   0.000000    ,   314.1831    ,   529.8132    ,   166.8727    ,   696.6859    ,   787.1443    ,  0.3684385    ,
           2007,              4,   113.2020    ,   22.80630    ,   47.10605    ,   1.898721    ,  0.5020990E-01,   45.15720    ,  -31.69611    ,  0.8040836    ,  0.4877185E-01,  0.3068823E-01,   0.000000    ,  0.4525597E-02,  0.2616263E-01,   1.844765    ,   0.000000    ,   88.96840    ,   0.000000    ,   0.000000    ,   5.172415    ,   93.56337    ,   98.73579    ,   64.50259    ,   74.33295    ,   138.8356    ,   145.0247    ,   0.000000    ,   145.0247    ,   314.0592    ,   0.000000    ,   314.0592    ,   528.7589    ,   167.8963    ,   696.6552    ,   787.4684    ,  0.3240037    ,
           2007,              5,   114.6326    ,   22.75153    ,   47.13613    ,   1.898721    ,  0.5452865E-01,   45.18295    ,  -31.30111    ,   1.430672    , -0.5477720E-01,  0.3007130E-01,   0.000000    ,  0.4318748E-02,  0.2575254E-01,   1.849799    ,   0.000000    ,   89.80369    ,   0.000000    ,   0.000000    ,   5.172415    ,   93.56488    ,   98.73730    ,   63.58087    ,   75.33494    ,   138.9158    ,   144.9137    ,   0.000000    ,   144.9137    ,   314.0580    ,   0.000000    ,   314.0580    ,   527.7250    ,   168.8998    ,   696.6248    ,   788.2783    ,  0.8099381    ,
           2007,              6,   117.5803    ,   22.78760    ,   47.16555    ,   1.898721    ,  0.5860538E-01,   45.20829    ,  -30.88133    ,   2.947793    ,  0.3607531E-01,  0.2943156E-01,   0.000000    ,  0.4076747E-02,  0.2535481E-01,   2.254187    ,   0.000000    ,   93.05556    ,   0.000000    ,   0.000000    ,   5.172415    ,   93.56631    ,   98.73872    ,   62.53677    ,   76.45832    ,   138.9951    ,   144.8033    ,   0.000000    ,   144.8033    ,   314.0580    ,   0.000000    ,   314.0580    ,   526.5704    ,   170.0246    ,   696.5951    ,   791.9048    ,   3.626563    ,
           2007,              7,   117.6056    ,   22.70473    ,   47.19431    ,   1.898721    ,  0.6238535E-01,   45.23326    ,  -30.46511    ,  0.2530710E-01, -0.8287039E-01,  0.2874919E-01,   0.000000    ,  0.3779961E-02,  0.2496923E-01,   2.117501    ,   0.000000    ,   93.64980    ,   0.000000    ,   0.000000    ,   5.172415    ,   93.56757    ,   98.73999    ,   61.23092    ,   77.84370    ,   139.0746    ,   144.6934    ,   0.000000    ,   144.6934    ,   314.0580    ,   0.000000    ,   314.0580    ,   525.1547    ,   171.4113    ,   696.5660    ,   792.3333    ,  0.4284682    ,
           2007,              8,   117.6425    ,   22.67038    ,   47.22235    ,   1.898721    ,  0.6584308E-01,   45.25786    ,  -30.05580    ,  0.3681811E-01, -0.3436113E-01,  0.2805249E-01,   0.000000    ,  0.3457734E-02,  0.2459475E-01,   1.935550    ,   0.000000    ,   93.89760    ,   0.000000    ,   0.000000    ,   5.172415    ,   93.56872    ,   98.74113    ,   59.77203    ,   79.38233    ,   139.1544    ,   144.5841    ,   0.000000    ,   144.5841    ,   314.0580    ,   0.000000    ,   314.0580    ,   523.5865    ,   172.9511    ,   696.5376    ,   792.3707    ,  0.3738505E-01,
           2007,              9,   117.6710    ,   22.60462    ,   47.24961    ,   1.898721    ,  0.6886608E-01,   45.28210    ,  -29.65282    ,  0.2858038E-01, -0.6575868E-01,  0.2725727E-01,   0.000000    ,  0.3023002E-02,  0.2423427E-01,   1.794156    ,   0.000000    ,   94.13636    ,   0.000000    ,   0.000000    ,   5.172415    ,   93.56967    ,   98.74209    ,   57.68501    ,   81.54918    ,   139.2342    ,   144.4757    ,   0.000000    ,   144.4757    ,   314.0580    ,   0.000000    ,   314.0580    ,   521.3911    ,   175.1189    ,   696.5099    ,   792.4404    ,  0.6964300E-01,
           2007,             10,   118.1441    ,   22.56480    ,   47.27621    ,   1.898721    ,  0.7160191E-01,   45.30597    ,  -29.25447    ,  0.4730959    , -0.3981639E-01,  0.2661689E-01,   0.000000    ,  0.2735821E-02,  0.2388107E-01,   1.709124    ,   0.000000    ,   94.51938    ,   0.000000    ,   0.000000    ,   5.172415    ,   93.57035    ,   98.74277    ,   55.56153    ,   83.75224    ,   139.3138    ,   144.3685    ,   0.000000    ,   144.3685    ,   314.0580    ,   0.000000    ,   314.0580    ,   519.1605    ,   177.3226    ,   696.4830    ,   792.7115    ,  0.2710950    ,
